event_id,detection_id,response_time,responded_at,timestamp,response_type,type,action,response_action,mttr_seconds,analyst,status,notes
ATK-0001,ATK-0001,2025-12-11T06:50:15.425845,2025-12-11 06:50:15,2025-12-11 06:50:15,automated,automated,kill_process,kill_process,9.196474983976374,AUTO-SYSTEM,completed,Automated response: kill process
ATK-0002,ATK-0002,2025-12-11T07:01:42.183930,2025-12-11 07:01:42,2025-12-11 07:01:42,automated,automated,quarantine_email,quarantine_email,17.985761360846123,AUTO-SYSTEM,completed,Automated response: quarantine email
ATK-0003,ATK-0003,2025-12-11T07:01:42.101867,2025-12-11 07:01:42,2025-12-11 07:01:42,automated,automated,quarantine_email,quarantine_email,4.0357927542685585,AUTO-SYSTEM,completed,Automated response: quarantine email
ATK-0005,ATK-0005,2025-12-11T07:22:44.175849,2025-12-11 07:22:44,2025-12-11 07:22:44,manual,manual,block_ip_firewall,block_ip_firewall,760.8092240723685,analyst_john,completed,Manual response: block ip firewall
ATK-0007,ATK-0007,2025-12-11T07:23:53.497681,2025-12-11 07:23:53,2025-12-11 07:23:53,automated,automated,block_domain,block_domain,9.684116508349915,AUTO-SYSTEM,completed,Automated response: block domain
ATK-0008,ATK-0008,2025-12-11T07:38:35.420108,2025-12-11 07:38:35,2025-12-11 07:38:35,manual,manual,escalate_to_soc,escalate_to_soc,358.5412014157308,analyst_john,completed,Manual response: escalate to soc
ATK-0009,ATK-0009,2025-12-11T07:30:43.974459,2025-12-11 07:30:43,2025-12-11 07:30:43,automated,automated,kill_process,kill_process,8.334175958194448,AUTO-SYSTEM,completed,Automated response: kill process
ATK-0010,ATK-0010,2025-12-11T07:43:20.413453,2025-12-11 07:43:20,2025-12-11 07:43:20,automated,automated,kill_process,kill_process,12.101757698557407,AUTO-SYSTEM,completed,Automated response: kill process
ATK-0012,ATK-0012,2025-12-11T07:53:55.305140,2025-12-11 07:53:55,2025-12-11 07:53:55,manual,manual,request_more_info,request_more_info,366.7344758076755,analyst_john,completed,Manual response: request more info
ATK-0015,ATK-0015,2025-12-11T07:59:55.862662,2025-12-11 07:59:55,2025-12-11 07:59:55,automated,automated,block_ip_firewall,block_ip_firewall,24.06427856157427,AUTO-SYSTEM,completed,Automated response: block ip firewall
ATK-0017,ATK-0017,2025-12-11T08:25:46.415610,2025-12-11 08:25:46,2025-12-11 08:25:46,manual,manual,notify_admin,notify_admin,708.3762068387366,soc_lead,completed,Manual response: notify admin
ATK-0018,ATK-0018,2025-12-11T08:28:35.348757,2025-12-11 08:28:35,2025-12-11 08:28:35,manual,manual,block_ip_firewall,block_ip_firewall,705.9686980690537,analyst_john,completed,Manual response: block ip firewall
ATK-0020,ATK-0020,2025-12-11T08:25:38.455524,2025-12-11 08:25:38,2025-12-11 08:25:38,automated,automated,block_domain,block_domain,29.800548421810287,AUTO-SYSTEM,completed,Automated response: block domain
ATK-0022,ATK-0022,2025-12-11T08:55:00.336049,2025-12-11 08:55:00,2025-12-11 08:55:00,manual,manual,request_more_info,request_more_info,892.1963019157896,analyst_mike,completed,Manual response: request more info
ATK-0023,ATK-0023,2025-12-11T08:51:34.855877,2025-12-11 08:51:34,2025-12-11 08:51:34,manual,manual,create_ticket,create_ticket,505.66956451964825,soc_lead,completed,Manual response: create ticket
ATK-0024,ATK-0024,2025-12-11T08:49:44.604100,2025-12-11 08:49:44,2025-12-11 08:49:44,automated,automated,block_ip_firewall,block_ip_firewall,1.1343172217495847,AUTO-SYSTEM,completed,Automated response: block ip firewall
ATK-0025,ATK-0025,2025-12-11T08:58:46.080221,2025-12-11 08:58:46,2025-12-11 08:58:46,automated,automated,kill_process,kill_process,18.013940532928817,AUTO-SYSTEM,completed,Automated response: kill process
ATK-0026,ATK-0026,2025-12-11T08:55:38.288394,2025-12-11 08:55:38,2025-12-11 08:55:38,automated,automated,isolate_host,isolate_host,10.167122898844427,AUTO-SYSTEM,completed,Automated response: isolate host
ATK-0027,ATK-0027,2025-12-11T09:08:25.162356,2025-12-11 09:08:25,2025-12-11 09:08:25,automated,automated,quarantine_email,quarantine_email,10.447120332038832,AUTO-SYSTEM,completed,Automated response: quarantine email
ATK-0028,ATK-0028,2025-12-11T09:07:42.068353,2025-12-11 09:07:42,2025-12-11 09:07:42,automated,automated,block_domain,block_domain,6.302418625506247,AUTO-SYSTEM,completed,Automated response: block domain
ATK-0029,ATK-0029,2025-12-11T09:18:26.254543,2025-12-11 09:18:26,2025-12-11 09:18:26,manual,manual,create_ticket,create_ticket,421.0266167160863,analyst_john,completed,Manual response: create ticket
ATK-0030,ATK-0030,2025-12-11T09:28:15.408610,2025-12-11 09:28:15,2025-12-11 09:28:15,manual,manual,block_ip_firewall,block_ip_firewall,689.5630295681411,soc_lead,completed,Manual response: block ip firewall
ATK-0033,ATK-0033,2025-12-11T09:34:50.999967,2025-12-11 09:34:50,2025-12-11 09:34:50,automated,automated,block_domain,block_domain,2.349560131600899,AUTO-SYSTEM,completed,Automated response: block domain
ATK-0036,ATK-0036,2025-12-11T09:48:49.065718,2025-12-11 09:48:49,2025-12-11 09:48:49,automated,automated,quarantine_email,quarantine_email,20.823210641582516,AUTO-SYSTEM,completed,Automated response: quarantine email
ATK-0037,ATK-0037,2025-12-11T09:52:51.145353,2025-12-11 09:52:51,2025-12-11 09:52:51,automated,automated,block_domain,block_domain,10.940123061557905,AUTO-SYSTEM,completed,Automated response: block domain
ATK-0038,ATK-0038,2025-12-11T09:58:02.580175,2025-12-11 09:58:02,2025-12-11 09:58:02,automated,automated,quarantine_email,quarantine_email,18.909654026450205,AUTO-SYSTEM,completed,Automated response: quarantine email
ATK-0039,ATK-0039,2025-12-11T10:17:05.149935,2025-12-11 10:17:05,2025-12-11 10:17:05,manual,manual,analyst_review,analyst_review,756.5587122202255,analyst_mike,completed,Manual response: analyst review
ATK-0040,ATK-0040,2025-12-11T10:05:57.561193,2025-12-11 10:05:57,2025-12-11 10:05:57,automated,automated,block_domain,block_domain,25.62127945896299,AUTO-SYSTEM,completed,Automated response: block domain
ATK-0041,ATK-0041,2025-12-11T10:21:04.163230,2025-12-11 10:21:04,2025-12-11 10:21:04,manual,manual,escalate_to_soc,escalate_to_soc,653.5405341252372,analyst_john,completed,Manual response: escalate to soc
ATK-0042,ATK-0042,2025-12-11T10:16:11.649547,2025-12-11 10:16:11,2025-12-11 10:16:11,automated,automated,kill_process,kill_process,1.6600663081406328,AUTO-SYSTEM,completed,Automated response: kill process
ATK-0043,ATK-0043,2025-12-11T10:23:53.732926,2025-12-11 10:23:53,2025-12-11 10:23:53,automated,automated,block_domain,block_domain,25.67253459798395,AUTO-SYSTEM,completed,Automated response: block domain
ATK-0044,ATK-0044,2025-12-11T10:37:15.407084,2025-12-11 10:37:15,2025-12-11 10:37:15,manual,manual,analyst_review,analyst_review,653.4189049834052,analyst_mike,completed,Manual response: analyst review
ATK-0045,ATK-0045,2025-12-11T10:30:40.470131,2025-12-11 10:30:40,2025-12-11 10:30:40,automated,automated,quarantine_email,quarantine_email,22.116286980884276,AUTO-SYSTEM,completed,Automated response: quarantine email
ATK-0046,ATK-0046,2025-12-11T10:48:29.781163,2025-12-11 10:48:29,2025-12-11 10:48:29,manual,manual,request_more_info,request_more_info,157.4376680018607,analyst_mike,completed,Manual response: request more info
ATK-0047,ATK-0047,2025-12-11T10:57:51.887128,2025-12-11 10:57:51,2025-12-11 10:57:51,manual,manual,escalate_to_soc,escalate_to_soc,849.4193532397832,analyst_sarah,completed,Manual response: escalate to soc
ATK-0048,ATK-0048,2025-12-11T10:52:18.111613,2025-12-11 10:52:18,2025-12-11 10:52:18,manual,manual,create_ticket,create_ticket,303.20554733997636,soc_lead,completed,Manual response: create ticket
ATK-0049,ATK-0049,2025-12-11T10:53:12.910340,2025-12-11 10:53:12,2025-12-11 10:53:12,automated,automated,block_domain,block_domain,8.61234687256676,AUTO-SYSTEM,completed,Automated response: block domain
ATK-0050,ATK-0050,2025-12-11T10:57:37.153343,2025-12-11 10:57:37,2025-12-11 10:57:37,automated,automated,quarantine_email,quarantine_email,26.499012966324806,AUTO-SYSTEM,completed,Automated response: quarantine email
ATK-0051,ATK-0051,2025-12-11T11:04:08.576437,2025-12-11 11:04:08,2025-12-11 11:04:08,automated,automated,isolate_host,isolate_host,20.17336102562009,AUTO-SYSTEM,completed,Automated response: isolate host
ATK-0053,ATK-0053,2025-12-11T11:12:31.457727,2025-12-11 11:12:31,2025-12-11 11:12:31,automated,automated,block_domain,block_domain,28.72824950991393,AUTO-SYSTEM,completed,Automated response: block domain
ATK-0054,ATK-0054,2025-12-11T11:19:56.798608,2025-12-11 11:19:56,2025-12-11 11:19:56,manual,manual,notify_admin,notify_admin,174.24561947351637,analyst_sarah,completed,Manual response: notify admin
ATK-0057,ATK-0057,2025-12-11T11:47:47.493711,2025-12-11 11:47:47,2025-12-11 11:47:47,manual,manual,analyst_review,analyst_review,741.8586765992217,analyst_john,completed,Manual response: analyst review
ATK-0059,ATK-0059,2025-12-11T11:45:40.249709,2025-12-11 11:45:40,2025-12-11 11:45:40,manual,manual,create_ticket,create_ticket,277.272464481082,analyst_john,completed,Manual response: create ticket
ATK-0060,ATK-0060,2025-12-11T11:48:31.576155,2025-12-11 11:48:31,2025-12-11 11:48:31,automated,automated,quarantine_email,quarantine_email,11.547515835402324,AUTO-SYSTEM,completed,Automated response: quarantine email
ATK-0061,ATK-0061,2025-12-11T11:50:32.510055,2025-12-11 11:50:32,2025-12-11 11:50:32,automated,automated,block_domain,block_domain,15.406729849267313,AUTO-SYSTEM,completed,Automated response: block domain
ATK-0062,ATK-0062,2025-12-11T11:57:01.770789,2025-12-11 11:57:01,2025-12-11 11:57:01,manual,manual,analyst_review,analyst_review,186.81996929554703,analyst_sarah,completed,Manual response: analyst review
ATK-0064,ATK-0064,2025-12-11T12:21:41.059979,2025-12-11 12:21:41,2025-12-11 12:21:41,manual,manual,escalate_to_soc,escalate_to_soc,680.1894020735584,analyst_john,completed,Manual response: escalate to soc
ATK-0065,ATK-0065,2025-12-11T12:26:04.478561,2025-12-11 12:26:04,2025-12-11 12:26:04,manual,manual,escalate_to_soc,escalate_to_soc,872.9132460135606,analyst_sarah,completed,Manual response: escalate to soc
ATK-0067,ATK-0067,2025-12-11T12:24:06.120322,2025-12-11 12:24:06,2025-12-11 12:24:06,automated,automated,block_domain,block_domain,4.0982197374572475,AUTO-SYSTEM,completed,Automated response: block domain
ATK-0068,ATK-0068,2025-12-11T12:36:06.354202,2025-12-11 12:36:06,2025-12-11 12:36:06,manual,manual,block_ip_firewall,block_ip_firewall,552.819266542301,analyst_john,completed,Manual response: block ip firewall
ATK-0069,ATK-0069,2025-12-11T12:34:52.972883,2025-12-11 12:34:52,2025-12-11 12:34:52,manual,manual,create_ticket,create_ticket,140.08658257304685,analyst_john,completed,Manual response: create ticket
ATK-0070,ATK-0070,2025-12-11T12:40:43.486426,2025-12-11 12:40:43,2025-12-11 12:40:43,automated,automated,kill_process,kill_process,4.38015059715171,AUTO-SYSTEM,completed,Automated response: kill process
ATK-0071,ATK-0071,2025-12-11T12:57:47.936361,2025-12-11 12:57:47,2025-12-11 12:57:47,manual,manual,escalate_to_soc,escalate_to_soc,507.851902362875,analyst_sarah,completed,Manual response: escalate to soc
ATK-0073,ATK-0073,2025-12-11T12:52:53.555520,2025-12-11 12:52:53,2025-12-11 12:52:53,automated,automated,isolate_host,isolate_host,6.217763753306066,AUTO-SYSTEM,completed,Automated response: isolate host
ATK-0074,ATK-0074,2025-12-11T13:08:06.604712,2025-12-11 13:08:06,2025-12-11 13:08:06,manual,manual,request_more_info,request_more_info,837.1323723259212,analyst_sarah,completed,Manual response: request more info
ATK-0075,ATK-0075,2025-12-11T13:03:29.791969,2025-12-11 13:03:29,2025-12-11 13:03:29,automated,automated,block_ip_firewall,block_ip_firewall,9.135253509955751,AUTO-SYSTEM,completed,Automated response: block ip firewall
ATK-0076,ATK-0076,2025-12-11T13:05:37.144115,2025-12-11 13:05:37,2025-12-11 13:05:37,automated,automated,quarantine_email,quarantine_email,6.305542828734218,AUTO-SYSTEM,completed,Automated response: quarantine email
ATK-0077,ATK-0077,2025-12-11T13:26:27.540028,2025-12-11 13:26:27,2025-12-11 13:26:27,manual,manual,analyst_review,analyst_review,789.256972067842,analyst_mike,completed,Manual response: analyst review
ATK-0079,ATK-0079,2025-12-11T13:32:30.359062,2025-12-11 13:32:30,2025-12-11 13:32:30,manual,manual,block_ip_firewall,block_ip_firewall,182.3112608389726,analyst_john,completed,Manual response: block ip firewall
ATK-0080,ATK-0080,2025-12-11T13:25:44.460530,2025-12-11 13:25:44,2025-12-11 13:25:44,automated,automated,block_domain,block_domain,6.8013142029489515,AUTO-SYSTEM,completed,Automated response: block domain
